dt,polynomial,exit_code
nPhlmAobKfGqdeIjC,q^{3} + q^{5} + q^{3}t + 2q^{7}t^{2} + q^{7}t^{3} + q^{11}t^{3} + q^{9}t^{4} + 2q^{11}t^{4} + q^{13}t^{5} + q^{15}t^{5} + q^{13}t^{6} + q^{17}t^{7} + q^{15}t^{8} + q^{19}t^{9} + q^{21}t^{11} + q^{25}t^{12},0
cGpNMLjBfOhQEDIaK,q^{9} + q^{11} + q^{11}t + q^{13}t^{2} + q^{15}t^{2} + 2q^{15}t^{3} + q^{17}t^{3} + q^{15}t^{4} + 2q^{17}t^{4} + 2q^{19}t^{4} + q^{17}t^{5} + 2q^{19}t^{5} + 2q^{21}t^{5} + q^{17}t^{6} + q^{19}t^{6} + 3q^{21}t^{6} + q^{23}t^{6} + 2q^{21}t^{7} + q^{23}t^{7} + 2q^{25}t^{7} + q^{21}t^{8} + q^{23}t^{8} + 2q^{25}t^{8} + q^{23}t^{9} + q^{25}t^{9} + q^{27}t^{9} + q^{29}t^{9} + q^{25}t^{10} + 2q^{27}t^{10} + 2q^{27}t^{11} + q^{29}t^{11} + q^{31}t^{11} + 2q^{29}t^{12} + 2q^{31}t^{12} + q^{31}t^{13} + 2q^{33}t^{13} + q^{33}t^{14} + q^{35}t^{14} + q^{35}t^{15} + q^{37}t^{15} + q^{39}t^{16},0
epIlmOjfNBgadqHKc,q^{-5}t^{-4} + q^{-3}t^{-3} + q^{-1}t^{-3} + q^{-1}t^{-2} + qt^{-2} + 2qt^{-1} + q^{3}t^{-1} + 2q^{3} + 3q^{5} + q^{3}t + q^{5}t + q^{7}t + 3q^{7}t^{2} + q^{9}t^{2} + q^{5}t^{3} + q^{7}t^{3} + 2q^{11}t^{3} + 2q^{9}t^{4} + 2q^{11}t^{4} + 2q^{9}t^{5} + q^{13}t^{5} + q^{15}t^{5} + q^{11}t^{6} + 3q^{13}t^{6} + q^{13}t^{7} + q^{15}t^{7} + q^{17}t^{7} + 2q^{15}t^{8} + q^{17}t^{8} + 2q^{19}t^{9} + q^{19}t^{10} + q^{23}t^{11},0
ehMlqGJanFodpBikc,q^{11} + q^{13} + q^{13}t + q^{15}t^{2} + q^{17}t^{2} + q^{17}t^{3} + q^{19}t^{3} + q^{17}t^{4} + 2q^{19}t^{4} + q^{21}t^{4} + q^{19}t^{5} + q^{21}t^{5} + 2q^{23}t^{5} + q^{19}t^{6} + q^{21}t^{6} + 2q^{23}t^{6} + q^{21}t^{7} + q^{23}t^{7} + q^{25}t^{7} + q^{27}t^{7} + 2q^{23}t^{8} + 2q^{25}t^{8} + q^{25}t^{9} + 2q^{27}t^{9} + q^{29}t^{9} + 2q^{27}t^{10} + q^{29}t^{10} + q^{29}t^{11} + 2q^{31}t^{11} + q^{31}t^{12} + q^{33}t^{12} + q^{33}t^{13} + q^{35}t^{13} + q^{37}t^{14},0
lPhAnombKdGqIfejC,q^{-3}t^{-4} + q^{-1}t^{-3} + qt^{-3} + 2qt^{-2} + q^{3}t^{-2} + 2q^{3}t^{-1} + 2q^{5}t^{-1} + q^{3} + 3q^{5} + 3q^{7} + q^{5}t + 3q^{7}t + 2q^{9}t + q^{7}t^{2} + 3q^{9}t^{2} + 2q^{11}t^{2} + 2q^{9}t^{3} + 2q^{11}t^{3} + 2q^{13}t^{3} + q^{9}t^{4} + 2q^{11}t^{4} + 3q^{13}t^{4} + q^{15}t^{4} + 2q^{11}t^{5} + 2q^{13}t^{5} + 2q^{15}t^{5} + q^{17}t^{5} + 2q^{13}t^{6} + 3q^{15}t^{6} + q^{17}t^{6} + 2q^{15}t^{7} + 2q^{17}t^{7} + q^{19}t^{7} + 3q^{17}t^{8} + 2q^{19}t^{8} + 2q^{19}t^{9} + 3q^{21}t^{9} + q^{21}t^{10} + 2q^{23}t^{10} + q^{23}t^{11} + q^{25}t^{11} + q^{27}t^{12},0
kOiLMHpJcFaNEDQgB,q^{-23}t^{-11} + q^{-21}t^{-10} + q^{-19}t^{-10} + q^{-19}t^{-9} + q^{-17}t^{-9} + 2q^{-17}t^{-8} + q^{-15}t^{-8} + q^{-15}t^{-7} + 2q^{-13}t^{-7} + q^{-15}t^{-6} + q^{-13}t^{-6} + q^{-11}t^{-6} + q^{-13}t^{-5} + 2q^{-11}t^{-5} + q^{-9}t^{-5} + q^{-13}t^{-4} + q^{-11}t^{-4} + q^{-9}t^{-4} + q^{-7}t^{-4} + 3q^{-9}t^{-3} + q^{-7}t^{-3} + 2q^{-9}t^{-2} + q^{-7}t^{-2} + 2q^{-5}t^{-2} + q^{-7}t^{-1} + 3q^{-5}t^{-1} + q^{-3}t^{-1} + q^{-5} + 2q^{-3} + 2q^{-1} + 2q^{-3}t + q^{-1}t + 2qt^{2} + qt^{3} + q^{5}t^{4},0
gnEjQmaILdpHobfkC,q^{-3}t^{-2} + q^{-1}t^{-1} + qt^{-1} + q + 2q^{3} + 2q^{3}t + 2q^{5}t^{2} + 2q^{7}t^{2} + q^{5}t^{3} + 2q^{9}t^{3} + 2q^{9}t^{4} + q^{7}t^{5} + q^{13}t^{5} + 2q^{11}t^{6} + q^{11}t^{7} + q^{15}t^{7} + q^{13}t^{8} + q^{15}t^{8} + q^{17}t^{9} + q^{17}t^{10} + q^{21}t^{11},0
dPiqJgoebLnHCAfkM,q^{-1}t^{-3} + qt^{-2} + q^{3}t^{-2} + q^{3}t^{-1} + q^{5}t^{-1} + 3q^{5} + 2q^{7} + 2q^{5}t + q^{7}t + 2q^{9}t + q^{7}t^{2} + 4q^{9}t^{2} + q^{11}t^{2} + q^{9}t^{3} + 2q^{11}t^{3} + 2q^{13}t^{3} + 3q^{11}t^{4} + 2q^{13}t^{4} + q^{15}t^{4} + q^{11}t^{5} + q^{13}t^{5} + 3q^{15}t^{5} + q^{17}t^{5} + 2q^{13}t^{6} + 2q^{15}t^{6} + q^{17}t^{6} + q^{15}t^{7} + 2q^{17}t^{7} + q^{19}t^{7} + 2q^{17}t^{8} + q^{19}t^{8} + 2q^{19}t^{9} + 2q^{21}t^{9} + q^{21}t^{10} + 2q^{23}t^{10} + q^{23}t^{11} + q^{25}t^{11} + q^{27}t^{12},0
cFpHNLBkDgQiOEMaJ,q^{5}t^{-2} + q^{7}t^{-1} + q^{9}t^{-1} + 2q^{9} + 2q^{11} + 3q^{11}t + q^{13}t + q^{11}t^{2} + 2q^{13}t^{2} + 3q^{15}t^{2} + q^{13}t^{3} + 3q^{15}t^{3} + 2q^{17}t^{3} + q^{13}t^{4} + q^{15}t^{4} + 4q^{17}t^{4} + 2q^{19}t^{4} + 3q^{17}t^{5} + q^{19}t^{5} + 3q^{21}t^{5} + 2q^{17}t^{6} + 2q^{19}t^{6} + 3q^{21}t^{6} + 3q^{19}t^{7} + 2q^{21}t^{7} + 2q^{23}t^{7} + q^{25}t^{7} + 2q^{21}t^{8} + 4q^{23}t^{8} + 2q^{23}t^{9} + 2q^{25}t^{9} + q^{27}t^{9} + 3q^{25}t^{10} + 2q^{27}t^{10} + 2q^{27}t^{11} + 3q^{29}t^{11} + q^{29}t^{12} + 2q^{31}t^{12} + q^{31}t^{13} + q^{33}t^{13} + q^{35}t^{14},0
kjEmGqCobaiNdPhLf,q^{-17}t^{-9} + q^{-15}t^{-8} + q^{-13}t^{-8} + 2q^{-13}t^{-7} + q^{-11}t^{-7} + 3q^{-11}t^{-6} + 2q^{-9}t^{-6} + q^{-11}t^{-5} + 2q^{-9}t^{-5} + 3q^{-7}t^{-5} + q^{-9}t^{-4} + 4q^{-7}t^{-4} + 2q^{-5}t^{-4} + q^{-9}t^{-3} + q^{-7}t^{-3} + 3q^{-5}t^{-3} + 3q^{-3}t^{-3} + 3q^{-5}t^{-2} + 2q^{-3}t^{-2} + 2q^{-1}t^{-2} + q^{-5}t^{-1} + q^{-3}t^{-1} + 3q^{-1}t^{-1} + qt^{-1} + 3q^{-3} + 3q^{-1} + q + q^{3} + 2q^{-1}t + 3qt + q^{3}t + 3qt^{2} + 2q^{3}t^{2} + q^{5}t^{2} + 3q^{3}t^{3} + 3q^{5}t^{3} + 2q^{5}t^{4} + 3q^{7}t^{4} + 2q^{7}t^{5} + 2q^{9}t^{5} + q^{9}t^{6} + 2q^{11}t^{6} + q^{13}t^{7},0
kOiMNHpJcFaEDLQgB,q^{-15}t^{-8} + 2q^{-13}t^{-7} + q^{-11}t^{-7} + 2q^{-11}t^{-6} + 2q^{-9}t^{-6} + 3q^{-9}t^{-5} + 2q^{-7}t^{-5} + 3q^{-7}t^{-4} + 3q^{-5}t^{-4} + q^{-7}t^{-3} + 2q^{-5}t^{-3} + 3q^{-3}t^{-3} + 2q^{-5}t^{-2} + 3q^{-3}t^{-2} + 2q^{-1}t^{-2} + q^{-5}t^{-1} + q^{-3}t^{-1} + 3q^{-1}t^{-1} + 2qt^{-1} + q^{-3} + 4q^{-1} + 2q + q^{3} + 2q^{-1}t + 3qt + 2q^{3}t + 3qt^{2} + 3q^{3}t^{2} + 2q^{5}t^{2} + 2q^{3}t^{3} + 4q^{5}t^{3} + q^{7}t^{3} + 3q^{5}t^{4} + 2q^{7}t^{4} + q^{9}t^{4} + 2q^{7}t^{5} + 3q^{9}t^{5} + q^{9}t^{6} + 2q^{11}t^{6} + q^{11}t^{7} + q^{13}t^{7} + q^{15}t^{8},0
jmGHpBnCEqLOafKdi,q^{13} + q^{15} + q^{17}t^{2} + q^{21}t^{3} + q^{19}t^{4} + q^{21}t^{4} + q^{23}t^{5} + q^{25}t^{5} + q^{21}t^{6} + q^{23}t^{6} + q^{25}t^{7} + q^{27}t^{7} + 2q^{25}t^{8} + 2q^{29}t^{9} + q^{29}t^{10} + q^{31}t^{11} + q^{33}t^{11} + q^{35}t^{12},0
lPhAonmbKdGqIfejC,q^{-1}t^{-4} + q^{3}t^{-3} + 2q^{3}t^{-2} + q^{5}t^{-1} + 2q^{7}t^{-1} + q^{5} + 2q^{7} + 2q^{9} + 3q^{9}t + q^{11}t + q^{9}t^{2} + q^{11}t^{2} + 2q^{13}t^{2} + q^{11}t^{3} + 2q^{13}t^{3} + q^{15}t^{3} + q^{11}t^{4} + q^{13}t^{4} + 2q^{15}t^{4} + q^{17}t^{4} + q^{13}t^{5} + 2q^{15}t^{5} + q^{17}t^{5} + q^{19}t^{5} + q^{15}t^{6} + 2q^{17}t^{6} + q^{19}t^{6} + 2q^{17}t^{7} + q^{19}t^{7} + q^{21}t^{7} + 2q^{19}t^{8} + 2q^{21}t^{8} + q^{21}t^{9} + 2q^{23}t^{9} + q^{23}t^{10} + q^{25}t^{10} + q^{25}t^{11} + q^{27}t^{11} + q^{29}t^{12},0
kOiLMHpJcFaNDEQgB,q^{-25}t^{-11} + q^{-23}t^{-10} + q^{-21}t^{-10} + q^{-21}t^{-9} + q^{-19}t^{-9} + 2q^{-19}t^{-8} + q^{-17}t^{-8} + q^{-17}t^{-7} + 2q^{-15}t^{-7} + q^{-17}t^{-6} + q^{-15}t^{-6} + q^{-13}t^{-6} + q^{-15}t^{-5} + 2q^{-13}t^{-5} + q^{-11}t^{-5} + q^{-15}t^{-4} + q^{-13}t^{-4} + q^{-11}t^{-4} + q^{-9}t^{-4} + 3q^{-11}t^{-3} + q^{-9}t^{-3} + 2q^{-11}t^{-2} + 2q^{-7}t^{-2} + q^{-9}t^{-1} + 3q^{-7}t^{-1} + q^{-7} + 2q^{-5} + 2q^{-3} + 2q^{-5}t + q^{-3}t + 2q^{-1}t^{2} + q^{-1}t^{3} + q^{3}t^{4},0
nPhlmAobKfGqedIjC,qt^{-2} + q^{5}t^{-1} + 2q^{5} + q^{7} + q^{5}t + q^{7}t + q^{9}t + q^{7}t^{2} + 2q^{9}t^{2} + q^{11}t^{2} + q^{9}t^{3} + 2q^{11}t^{3} + q^{13}t^{3} + 2q^{11}t^{4} + 2q^{13}t^{4} + q^{15}t^{4} + q^{13}t^{5} + 2q^{15}t^{5} + q^{17}t^{5} + q^{13}t^{6} + q^{15}t^{6} + q^{17}t^{6} + q^{15}t^{7} + q^{17}t^{7} + q^{19}t^{7} + q^{17}t^{8} + q^{19}t^{8} + q^{19}t^{9} + q^{21}t^{9} + q^{21}t^{10} + q^{23}t^{10} + q^{23}t^{11} + q^{25}t^{11} + q^{27}t^{12},0
cGpNLMjBfOhQEDIaK,q^{11} + q^{13} + q^{13}t + 2q^{15}t^{2} + q^{17}t^{2} + 2q^{17}t^{3} + 2q^{19}t^{3} + q^{17}t^{4} + 3q^{19}t^{4} + 2q^{21}t^{4} + q^{19}t^{5} + 3q^{21}t^{5} + 3q^{23}t^{5} + q^{19}t^{6} + 2q^{21}t^{6} + 3q^{23}t^{6} + 2q^{25}t^{6} + 2q^{23}t^{7} + 3q^{25}t^{7} + 2q^{27}t^{7} + 2q^{23}t^{8} + q^{25}t^{8} + 2q^{27}t^{8} + q^{29}t^{8} + q^{25}t^{9} + 3q^{27}t^{9} + q^{29}t^{9} + q^{31}t^{9} + 2q^{27}t^{10} + 2q^{29}t^{10} + q^{31}t^{10} + 3q^{29}t^{11} + 2q^{31}t^{11} + q^{33}t^{11} + 2q^{31}t^{12} + 3q^{33}t^{12} + 2q^{33}t^{13} + 2q^{35}t^{13} + 2q^{35}t^{14} + 2q^{37}t^{14} + q^{37}t^{15} + 2q^{39}t^{15} + q^{41}t^{16},0
epImlOjfNBgadqHKc,q^{-7}t^{-4} + q^{-5}t^{-3} + q^{-3}t^{-3} + q^{-3}t^{-2} + q^{-1}t^{-2} + 2q^{-1}t^{-1} + qt^{-1} + 2q + 3q^{3} + qt + 2q^{3}t + q^{5}t + 3q^{5}t^{2} + 2q^{7}t^{2} + q^{3}t^{3} + q^{5}t^{3} + 2q^{9}t^{3} + 2q^{7}t^{4} + 2q^{9}t^{4} + 2q^{7}t^{5} + q^{11}t^{5} + q^{13}t^{5} + q^{9}t^{6} + 3q^{11}t^{6} + q^{11}t^{7} + q^{13}t^{7} + q^{15}t^{7} + 2q^{13}t^{8} + q^{15}t^{8} + 2q^{17}t^{9} + q^{17}t^{10} + q^{21}t^{11},0
lOjFMDIpKcGaNEQhB,q^{-23}t^{-11} + q^{-21}t^{-10} + q^{-19}t^{-10} + q^{-17}t^{-9} + q^{-17}t^{-8} + q^{-15}t^{-7} + q^{-13}t^{-7} + q^{-15}t^{-6} + q^{-11}t^{-6} + q^{-13}t^{-5} + q^{-11}t^{-5} + q^{-13}t^{-4} + q^{-9}t^{-4} + 3q^{-9}t^{-3} + q^{-9}t^{-2} + q^{-7}t^{-2} + 2q^{-5}t^{-2} + q^{-7}t^{-1} + q^{-5}t^{-1} + q^{-3}t^{-1} + 2q^{-3} + q^{-1} + q^{-3}t + qt^{2},0
cHpFMDNkBgOiQEJaL,q^{11} + q^{13} + q^{13}t + 2q^{15}t^{2} + q^{17}t^{2} + q^{17}t^{3} + 2q^{19}t^{3} + q^{17}t^{4} + 3q^{19}t^{4} + q^{21}t^{4} + q^{19}t^{5} + 2q^{21}t^{5} + 3q^{23}t^{5} + q^{19}t^{6} + 2q^{21}t^{6} + 2q^{23}t^{6} + q^{25}t^{6} + q^{21}t^{7} + q^{23}t^{7} + 3q^{25}t^{7} + q^{27}t^{7} + 2q^{23}t^{8} + 2q^{25}t^{8} + q^{29}t^{8} + q^{25}t^{9} + 3q^{27}t^{9} + q^{29}t^{9} + 3q^{27}t^{10} + q^{29}t^{10} + q^{31}t^{10} + 2q^{29}t^{11} + 3q^{31}t^{11} + q^{31}t^{12} + 2q^{33}t^{12} + 2q^{33}t^{13} + q^{35}t^{13} + q^{35}t^{14} + 2q^{37}t^{14} + q^{39}t^{15},0
kPgAnlbJdFqHoemiC,q^{3}t^{-2} + q^{7}t^{-1} + 3q^{7} + q^{9} + 2q^{9}t + 2q^{11}t + q^{9}t^{2} + 2q^{11}t^{2} + 2q^{13}t^{2} + 4q^{13}t^{3} + 2q^{15}t^{3} + 3q^{13}t^{4} + 2q^{15}t^{4} + 3q^{17}t^{4} + 2q^{15}t^{5} + 4q^{17}t^{5} + 2q^{19}t^{5} + q^{15}t^{6} + q^{17}t^{6} + 3q^{19}t^{6} + q^{21}t^{6} + q^{17}t^{7} + 3q^{19}t^{7} + q^{21}t^{7} + q^{23}t^{7} + 2q^{19}t^{8} + 2q^{21}t^{8} + 2q^{23}t^{8} + 3q^{21}t^{9} + 2q^{23}t^{9} + q^{25}t^{9} + 2q^{23}t^{10} + 3q^{25}t^{10} + 2q^{25}t^{11} + 2q^{27}t^{11} + 2q^{27}t^{12} + 2q^{29}t^{12} + q^{29}t^{13} + 2q^{31}t^{13} + q^{33}t^{14},0
kjnGlCpEbaiOdQhMf,q^{-19}t^{-9} + 2q^{-17}t^{-8} + q^{-15}t^{-8} + 2q^{-15}t^{-7} + 2q^{-13}t^{-7} + 3q^{-13}t^{-6} + 2q^{-11}t^{-6} + 3q^{-11}t^{-5} + 3q^{-9}t^{-5} + q^{-11}t^{-4} + 2q^{-9}t^{-4} + 3q^{-7}t^{-4} + 2q^{-9}t^{-3} + 3q^{-7}t^{-3} + 2q^{-5}t^{-3} + q^{-9}t^{-2} + q^{-7}t^{-2} + 3q^{-5}t^{-2} + 2q^{-3}t^{-2} + q^{-7}t^{-1} + 3q^{-5}t^{-1} + q^{-3}t^{-1} + q^{-1}t^{-1} + 2q^{-5} + 3q^{-3} + 3q^{-1} + 3q^{-3}t + 3q^{-1}t + qt + 2q^{-1}t^{2} + 4qt^{2} + q^{3}t^{2} + 3qt^{3} + 2q^{3}t^{3} + q^{5}t^{3} + 2q^{3}t^{4} + 3q^{5}t^{4} + q^{5}t^{5} + 2q^{7}t^{5} + q^{7}t^{6} + q^{9}t^{6} + q^{11}t^{7},0
cKpMNDQjOlBhFEIaG,q^{-13}t^{-8} + q^{-11}t^{-7} + q^{-9}t^{-7} + 2q^{-9}t^{-6} + q^{-7}t^{-6} + 3q^{-7}t^{-5} + 2q^{-5}t^{-5} + q^{-7}t^{-4} + 2q^{-5}t^{-4} + 3q^{-3}t^{-4} + q^{-5}t^{-3} + 4q^{-3}t^{-3} + 2q^{-1}t^{-3} + q^{-5}t^{-2} + q^{-3}t^{-2} + 3q^{-1}t^{-2} + 3qt^{-2} + 3q^{-1}t^{-1} + 2qt^{-1} + 2q^{3}t^{-1} + 2q^{-1} + 2q + 3q^{3} + q^{5} + 3qt + 2q^{3}t + q^{5}t + q^{7}t + 2q^{3}t^{2} + 4q^{5}t^{2} + q^{7}t^{2} + 3q^{5}t^{3} + 2q^{7}t^{3} + q^{9}t^{3} + 3q^{7}t^{4} + 3q^{9}t^{4} + 2q^{9}t^{5} + 3q^{11}t^{5} + 2q^{11}t^{6} + 2q^{13}t^{6} + q^{13}t^{7} + 2q^{15}t^{7} + q^{17}t^{8},0
cLpFGNDQkOmBiEJaH,q^{-23}t^{-11} + q^{-21}t^{-10} + q^{-19}t^{-10} + 2q^{-19}t^{-9} + q^{-17}t^{-9} + 2q^{-17}t^{-8} + 2q^{-15}t^{-8} + q^{-17}t^{-7} + 2q^{-15}t^{-7} + 2q^{-13}t^{-7} + q^{-15}t^{-6} + 3q^{-13}t^{-6} + 2q^{-11}t^{-6} + q^{-15}t^{-5} + q^{-13}t^{-5} + 2q^{-11}t^{-5} + 2q^{-9}t^{-5} + 2q^{-11}t^{-4} + 2q^{-9}t^{-4} + q^{-7}t^{-4} + 2q^{-11}t^{-3} + q^{-9}t^{-3} + q^{-7}t^{-3} + q^{-5}t^{-3} + 2q^{-9}t^{-2} + 3q^{-7}t^{-2} + q^{-5}t^{-2} + 2q^{-7}t^{-1} + 2q^{-5}t^{-1} + q^{-3}t^{-1} + 3q^{-5} + 3q^{-3} + 2q^{-3}t + 2q^{-1}t + 2q^{-1}t^{2} + 2qt^{2} + qt^{3} + 2q^{3}t^{3} + q^{5}t^{4},0
jOhmGpIcEaLNdKQfB,q^{-13}t^{-7} + 2q^{-11}t^{-6} + q^{-9}t^{-6} + 2q^{-9}t^{-5} + 2q^{-7}t^{-5} + 2q^{-7}t^{-4} + 2q^{-5}t^{-4} + 2q^{-5}t^{-3} + 2q^{-3}t^{-3} + q^{-5}t^{-2} + 2q^{-3}t^{-2} + 2q^{-1}t^{-2} + q^{-3}t^{-1} + 2q^{-1}t^{-1} + 2qt^{-1} + q^{-3} + 2q^{-1} + 2q + q^{3} + q^{-1}t + 2qt + q^{3}t + 2qt^{2} + 2q^{3}t^{2} + q^{5}t^{2} + 2q^{3}t^{3} + 3q^{5}t^{3} + q^{7}t^{3} + 2q^{5}t^{4} + 2q^{7}t^{4} + q^{9}t^{4} + 2q^{7}t^{5} + 2q^{9}t^{5} + q^{9}t^{6} + 2q^{11}t^{6} + q^{11}t^{7} + q^{13}t^{7} + q^{15}t^{8},0
lFJOgKcMQeBpNHDaI,q^{-11}t^{-7} + q^{-9}t^{-6} + q^{-7}t^{-6} + 2q^{-7}t^{-5} + q^{-5}t^{-5} + 2q^{-5}t^{-4} + 2q^{-3}t^{-4} + q^{-5}t^{-3} + 2q^{-3}t^{-3} + 2q^{-1}t^{-3} + q^{-3}t^{-2} + 3q^{-1}t^{-2} + 2qt^{-2} + q^{-1}t^{-1} + 2qt^{-1} + 2q^{3}t^{-1} + q^{-1} + 2q + 2q^{3} + q^{5} + qt + q^{3}t + q^{5}t + q^{7}t + 2q^{3}t^{2} + 2q^{5}t^{2} + q^{7}t^{2} + 2q^{5}t^{3} + 2q^{7}t^{3} + q^{9}t^{3} + 2q^{7}t^{4} + 2q^{9}t^{4} + 2q^{9}t^{5} + 2q^{11}t^{5} + 2q^{11}t^{6} + 2q^{13}t^{6} + q^{13}t^{7} + 2q^{15}t^{7} + q^{17}t^{8},0
lHpkgOiBeMQcNJFaD,q^{-7}t^{-6} + q^{-5}t^{-5} + q^{-3}t^{-5} + 2q^{-3}t^{-4} + q^{-1}t^{-4} + 2q^{-1}t^{-3} + 2qt^{-3} + q^{-1}t^{-2} + 2qt^{-2} + 2q^{3}t^{-2} + qt^{-1} + 3q^{3}t^{-1} + 2q^{5}t^{-1} + q + 2q^{3} + 2q^{5} + 2q^{7} + q^{3}t + q^{5}t + 2q^{7}t + q^{9}t + 2q^{5}t^{2} + 2q^{7}t^{2} + q^{9}t^{2} + q^{11}t^{2} + 2q^{7}t^{3} + 3q^{9}t^{3} + q^{11}t^{3} + 3q^{9}t^{4} + 2q^{11}t^{4} + q^{13}t^{4} + 2q^{11}t^{5} + 3q^{13}t^{5} + 2q^{13}t^{6} + 2q^{15}t^{6} + 2q^{15}t^{7} + 2q^{17}t^{7} + q^{17}t^{8} + 2q^{19}t^{8} + q^{21}t^{9},0
jOhMGpIcEaLNDKQfB,q^{-9}t^{-6} + 2q^{-7}t^{-5} + q^{-5}t^{-5} + 2q^{-5}t^{-4} + 2q^{-3}t^{-4} + 2q^{-3}t^{-3} + 2q^{-1}t^{-3} + 2q^{-1}t^{-2} + 2qt^{-2} + q^{-1}t^{-1} + 2qt^{-1} + 2q^{3}t^{-1} + 2q + 3q^{3} + 2q^{5} + qt + 2q^{3}t + q^{5}t + q^{7}t + q^{3}t^{2} + 3q^{5}t^{2} + 2q^{7}t^{2} + 2q^{5}t^{3} + 2q^{7}t^{3} + 2q^{9}t^{3} + 2q^{7}t^{4} + 4q^{9}t^{4} + q^{11}t^{4} + 2q^{9}t^{5} + 2q^{11}t^{5} + 2q^{13}t^{5} + 2q^{11}t^{6} + 2q^{13}t^{6} + q^{13}t^{7} + 2q^{15}t^{7} + q^{15}t^{8} + q^{17}t^{8} + q^{19}t^{9},0
jOhLGpIcEaMNDKQfB,q^{-25}t^{-11} + 2q^{-23}t^{-10} + q^{-21}t^{-10} + 2q^{-21}t^{-9} + 2q^{-19}t^{-9} + 2q^{-19}t^{-8} + 2q^{-17}t^{-8} + 2q^{-17}t^{-7} + 2q^{-15}t^{-7} + q^{-17}t^{-6} + 2q^{-15}t^{-6} + 2q^{-13}t^{-6} + 2q^{-15}t^{-5} + 2q^{-13}t^{-5} + 2q^{-11}t^{-5} + q^{-15}t^{-4} + q^{-13}t^{-4} + 2q^{-11}t^{-4} + q^{-9}t^{-4} + q^{-13}t^{-3} + 3q^{-11}t^{-3} + q^{-9}t^{-3} + 2q^{-11}t^{-2} + 2q^{-9}t^{-2} + 2q^{-7}t^{-2} + 2q^{-9}t^{-1} + 3q^{-7}t^{-1} + q^{-5}t^{-1} + 2q^{-7} + 3q^{-5} + 2q^{-3} + 2q^{-5}t + 2q^{-3}t + q^{-3}t^{2} + 2q^{-1}t^{2} + q^{-1}t^{3} + qt^{3} + q^{3}t^{4},0
